r2,rmse,mae,mape
0.993430707949177,1690.921652937575,1304.0552643672781,1.287392798495317
