property_type_encoded,층,면적,건축년도,법정동_encoded,시군구_encoded,거래유형_encoded,거래년도,거래월,거래일,예측_집값
1,15,85.0,2012,1,0,0,2024,6,15,121461.97979344967
0,3,35.0,2008,2,1,0,2024,6,15,73965.35579445124
2,8,60.0,2016,0,2,0,2024,6,15,93146.8420792983
1,20,95.0,2010,1,0,0,2024,6,15,116516.42105109023
0,5,40.0,2006,2,1,0,2024,6,15,69451.0616812311
1,12,120.0,2018,0,2,0,2024,6,15,74006.41917972457
2,6,45.0,2014,1,0,0,2024,6,15,142159.03070686277
0,25,30.0,2004,2,1,0,2024,6,15,73171.51176172665
