mse,rmse,mae,r2,mape
52876.69860761519,229.94933921978378,178.28365820127433,0.9985614383807708,0.3061225021417296
